name,brand,category,price,cost,imageUrl,description,material,colors,tags,XS,S,M,L,XL,XXL,status
Sweater Tejido Melina,Sail,Buzos y Sweaters,110880,55440,https://cdn.shopify.com/s/files/1/0626/3681/8625/files/39321511_SWEATER_TEJIDO_MELINA_01.jpg?v=1773061804,"Sweater tejido de escote redondo con diseño rayado, ideal para sumar un toque clásico y actual a los looks de todos los días. Confeccionado en hilado suave y abrigado, presenta una textura acanalada que aporta detalle y una caída cómoda. Sus mangas amplias le dan una silueta relajada y moderna, perfecta para combinar con jeans, pantalones sastreros o prendas de denim en outfits casuales y urbanos. Detalles Sweater tejido rayado Escote redondo Mangas amplias Textura acanalada Calce cómodo y relajado Tejido suave y abrigado Composición 100% Acrílico Cuidados Lavar a mano con agua fría No usar lavandina Secar en plano No retorcer No usar secadora Plancha suave del revés si es necesario Referencia de talles La modelo del color crudo mide 1,72 m y usa talle S. La modelo del color negro mide 1,71 m y usa talle S.",100% Acrílico,"[{""name"":""Crudo"",""sizes"":{""S"":6,""M"":5,""L"":7}},{""name"":""Negro"",""sizes"":{""S"":6,""M"":11,""L"":6}}]","hotsale26,invierno26,sweater",0,12,16,13,0,0,active
Cárdigan Tejido Ema,Sail,Buzos y Sweaters,168000,84000,https://cdn.shopify.com/s/files/1/0626/3681/8625/files/39320201_CARDIGAN_TEJIDO_EMA_01.jpg?v=1772045511,"Cárdigan tejido en mohair, de calce regular, en jacquard animal print, con mangas caídas, escote en V, puños en terminación de manga y ruedo. Composición: 45% mohair - 20% lana - 15% poliamida - 20% viscosa Referencia: La modelo mide 1.71m y usa talle S.",45% mohair - 20% lana - 15% poliamida - 20% viscosa,"[{""name"":""Negro"",""sizes"":{""S"":6,""M"":3,""L"":3}},{""name"":""Gris Topo"",""sizes"":{""S"":5,""M"":6,""L"":7}}]","invierno26,sweater",0,11,9,10,0,0,active
Cardigan Tejido Fiona,Sail,Buzos y Sweaters,109200,54600,https://cdn.shopify.com/s/files/1/0626/3681/8625/files/39320602_CARDIGAN_TEJIDO_FIONA_01.jpg?v=1773771161,"Cárdigan tejido abotonado en delantero, básico escote redondo. Composición: viscosa - nylon - poliéster Referencia: La modelo mide 1.71m y usa talle S.",viscosa - nylon - poliéster,"[{""name"":""Gris"",""sizes"":{""S"":5,""M"":3,""L"":8,""XL"":10}},{""name"":""Negro"",""sizes"":{""S"":9,""M"":10,""L"":8,""XL"":3}}]","invierno26,sweater",0,14,13,16,13,0,active
Sweater Fernanda,Sail,Buzos y Sweaters,69300,34650,https://cdn.shopify.com/s/files/1/0626/3681/8625/files/39310241SWEATERFERNANDA02.jpg?v=1772739667,Sweater de morley afelpado manga larga con escote redondo y capucha. Posee terminación con rulotte en el ruedo. Composición: Algodón - Elastano Referencia de talles: La modelo mide 1.71m y usa talle S.,Algodón - Elastano,"[{""name"":""Rosa Viejo"",""sizes"":{""S"":4,""M"":10,""L"":21,""XL"":11}}]","invierno26,sweater",0,4,10,21,11,0,active
Sweater Celina,Sail,Buzos y Sweaters,97440,48720,https://cdn.shopify.com/s/files/1/0626/3681/8625/files/39322101SWEATERTEJIDOCELINANEGRO03.jpg?v=1772563993,"Sweater básico de escote redondo, ideal para sumar suavidad, abrigo liviano y versatilidad a los looks de todos los días. Su diseño simple y atemporal lo convierte en una prenda esencial de temporada, fácil de combinar con jeans, pantalones sastreros, faldas o prendas de gabardina. Confeccionado en un tejido suave y confortable, presenta mangas largas y terminaciones tejidas en cuello, puños y ruedo que aportan mejor ajuste y una caída prolija. Es una opción práctica y cómoda para usar tanto en outfits casuales como en combinaciones más arregladas. Detalles Sweater básico Escote redondo Manga larga Terminaciones tejidas Calce cómodo y versátil Diseño atemporal y fácil de combinar Composición Viscosa - Nylon - Poliéster Cuidados Lavar a mano con agua fría No usar lavandina Secar en plano No retorcer No usar secadora Plancha suave del revés si es necesario Referencia de talle La modelo mide 1,71 m y usa talle S.",Viscosa - Nylon - Poliéster,"[{""name"":""Negro"",""sizes"":{""S"":5,""M"":3,""L"":4,""XL"":5}},{""name"":""Azul"",""sizes"":{""S"":9,""M"":7,""L"":9,""XL"":5}},{""name"":""Natural"",""sizes"":{""S"":4,""M"":3,""L"":5,""XL"":4}},{""name"":""Gris"",""sizes"":{""S"":3,""M"":10,""L"":9,""XL"":9}}]","hotsale26,invierno26,sweater",0,21,23,27,23,0,active
Cardigan Renata,Sail,Buzos y Sweaters,88200,44100,https://cdn.shopify.com/s/files/1/0626/3681/8625/files/39322712_CARDIGAN_TEJIDO_RENATA_01.jpg?v=1773158783,Cárdigan tejido con escote en V. Composición: 10% lana - 30% poliamida - 60% acrílico - 4 elastano Referencia: La modelo mide 1.71m y usa talle 1.,10% lana - 30% poliamida - 60% acrílico - 4 elastano,"[{""name"":""Natural"",""sizes"":{""1"":8,""2"":8}},{""name"":""Negro"",""sizes"":{""1"":7,""2"":12}},{""name"":""Gris Medio"",""sizes"":{""1"":6,""2"":6}}]","invierno26,sweater",0,0,0,0,0,0,active
Sweater Ellen,Sail,Buzos y Sweaters,121800,60900,https://cdn.shopify.com/s/files/1/0626/3681/8625/files/39322412SWEATERTEJIDOELLEN01.jpg?v=1772563453,Sweater escote V básico. Composición: viscosa - nylon - poliéster Referencia: La modelo mide 1.71m y usa talle S.,viscosa - nylon - poliéster,"[{""name"":""Oliva"",""sizes"":{""S"":5,""M"":7,""L"":7,""XL"":7}},{""name"":""Marino"",""sizes"":{""S"":4,""M"":5,""L"":4,""XL"":4}},{""name"":""Negro"",""sizes"":{""S"":7,""M"":6,""L"":4,""XL"":4}}]","invierno26,sweater",0,16,18,15,15,0,active
Sweater Fiorella,Sail,Buzos y Sweaters,56700,28350,https://cdn.shopify.com/s/files/1/0626/3681/8625/files/39310102_SWEATER_FIORELLA_03.jpg?v=1772037599,Sweater manga larga escote redondo. Composición: Viscosa - poliéster Referencia: La modelo mide 1.71m y usa talle S.,Viscosa - poliéster,"[{""name"":""Habano"",""sizes"":{""S"":7,""M"":18,""L"":19}},{""name"":""Gris"",""sizes"":{""S"":6,""M"":10,""L"":18}}]","invierno26,sweater",0,13,28,37,0,0,active
Sweater Tejido Agata,Sail,Buzos y Sweaters,69090,34545,https://cdn.shopify.com/s/files/1/0626/3681/8625/files/38320116_SWEATER_TEJIDO_AGATA_CAMEL_01.jpg?v=1762356064,"Sweater tejido confeccionado en viscosa de tacto suave y liviano, ideal para sumar un básico versátil y femenino al guardarropa. Su diseño minimalista con escote redondo y manga raglan ofrece un calce cómodo y una caída delicada que se adapta fácilmente a distintos looks. Presenta sisas menguadas y terminaciones en puños y ruedo que aportan una mejor estructura y un acabado prolijo. Perfecto para combinar con jeans, pantalones estampados o prendas sastreras en outfits casuales y urbanos. Detalles Sweater tejido Escote redondo Manga raglan Sisas menguadas Puños tejidos Tejido suave y liviano Calce cómodo y versátil Composición 75% Viscosa - 25% Poliamida Cuidados Lavar a mano con agua fría No usar lavandina Secar en plano No retorcer No usar secadora Plancha suave del revés si es necesario Referencia de talle La modelo mide 1,72 m y está usando talle S.",75% Viscosa - 25% Poliamida,"[{""name"":""Camel"",""sizes"":{""S"":13,""M"":4,""L"":6,""XL"":16}},{""name"":""Arena"",""sizes"":{""S"":20,""M"":13,""L"":3,""XL"":12}}]","hotsale26,navidad25,oportunidades25,sweater,sweaterdiscontinuo,verano26",0,33,17,9,28,0,active
Buzo Martina,Sail,Buzos y Sweaters,40425,20213,https://cdn.shopify.com/s/files/1/0626/3681/8625/files/38300101_BUZO_MARTINA_NEGRO_01_b1cdebc4-f578-47c5-9e3e-73d538a1e1f9.jpg?v=1763558770,"Buzo de calce relajado confeccionado en tejido suave y confortable, ideal para acompañar looks deportivos y urbanos. Su diseño con mangas caídas aporta un estilo moderno y cómodo, mientras que el cierre en el escote permite adaptarlo fácilmente a distintos usos y temperaturas. Cuenta con cintura elastizada que brinda mejor ajuste y una silueta más cómoda. Perfecto para combinar con leggings, joggers o jeans en outfits casuales y versátiles para todos los días. Detalles Buzo de calce relajado Mangas caídas Escote con cierre Cintura elastizada Tejido suave y confortable Estilo casual y deportivo Composición Viscosa - Poliéster Cuidados Lavar a mano o en ciclo delicado con agua fría No usar lavandina No usar secadora Secar a la sombra Plancha suave del revés si es necesario No retorcer Referencia de talle: La modelo mide 1,72m y está usando talle S.",Viscosa - Poliéster,"[{""name"":""Negro"",""sizes"":{""S"":5,""M"":15,""L"":6}},{""name"":""Lila"",""sizes"":{""S"":19,""M"":16,""L"":12}}]","Active,buzo,buzodiscontinuo,buzoss26,hotsale26,lanzamiento,navidad25,oportunidades25,playa,sweaterdiscontinuo,verano26",0,24,31,18,0,0,active
Sweater Filomena,Sail,Buzos y Sweaters,29400,14700,https://cdn.shopify.com/s/files/1/0626/3681/8625/files/39310301SWEATERFILOMENA03.jpg?v=1772037010,Sweater crop manga larga con escote redondo. Composición: Algodón - Poliéster Referencia de talle: La modelo mide 1.71m y usa talle S.,Algodón - Poliéster,"[{""name"":""Negro"",""sizes"":{""XS"":9,""S"":25,""M"":14,""L"":3,""XL"":24}}]","invierno26,sweater",9,25,14,3,24,0,active
Buzo Dvo Trinidad,Sail,Buzos y Sweaters,59220,29610,https://cdn.shopify.com/s/files/1/0626/3681/8625/files/38630104_BUZO_DVO_TRINIDAD_GRIS_CLARO_01-Liv-Warm_Studio.png?v=1763558451,"Buzo de rústico bondeado manga larga escote redondo. Tiene manga caída y costuras en bordador. Posee imagen de marca estampada en la espalda Composición: Poliéster - Rayón - Elastano Referencia de talle: La modelo mide 1,72m y está usando talle S.",Poliéster - Rayón - Elastano,"[{""name"":""Gris Claro"",""sizes"":{""S"":7,""M"":11,""L"":20,""XL"":12}},{""name"":""Negro"",""sizes"":{""S"":13,""M"":19,""L"":4,""XL"":12}}]","Active,buzo,buzodiscontinuo,buzoss26,hotsale26,lanzamiento,navidad25,oportunidades25,playa,sweaterdiscontinuo,verano26",0,20,30,24,24,0,active
Sweater Guillermina,Sail,Buzos y Sweaters,56700,28350,https://cdn.shopify.com/s/files/1/0626/3681/8625/files/38310101SWEATERGUILLERMINANEGRO01-Brooklyn-Studio.png?v=1762361711,"Sweater de lanilla soft con manga caída y escote en v. Posee recortes en delantero, mangas y canesú, con terminación al corte. Composición: 60% Viscosa 35% Poliéster 5% Spandex Referencia de talle: La modelo mide 1,72m y está usando talle S.",60% Viscosa 35% Poliéster 5% Spandex,"[{""name"":""Negro"",""sizes"":{""S"":10,""M"":15,""L"":19}},{""name"":""Militar"",""sizes"":{""S"":4,""M"":7,""L"":18}}]","lanzamiento,navidad25,oportunidades25,sweater,sweaterdiscontinuo,verano26",0,14,22,37,0,0,active
Sweater Victoria,Sail,Buzos y Sweaters,44100,22050,https://cdn.shopify.com/s/files/1/0626/3681/8625/files/38310237_SWEATER_VICTORIA_VISON_01-Veronica-Studio_Caramel.png?v=1764349675,"Sweater confeccionado en hilado flamé de textura suave y liviana, ideal para looks relajados y cómodos de todos los días. Su diseño con capucha y calce holgado aporta un estilo moderno y versátil, perfecto para combinar con denim o prendas deportivas. Cuenta con mangas amplias de hombro caído, tiras de ajuste en capucha y recortes delanteros que estilizan la prenda. Además, posee bolsillos laterales funcionales que suman practicidad y confort. Detalles Sweater de hilado flamé Capucha con tiras de ajuste Manga larga con hombro caído Recortes delanteros Bolsillos laterales Calce cómodo y relajado Textura suave y liviana Composición 68% Poliéster, 28% Nylon, 4% Spandex Cuidados Lavar a mano con agua fría No usar lavandina No usar secadora Secar extendido a la sombra Plancha suave si es necesario Referencia de talle La modelo mide 1,72 m y está usando talle S.","68% Poliéster, 28% Nylon, 4% Spandex","[{""name"":""Vison"",""sizes"":{""S"":6,""M"":19,""L"":10,""XL"":21}},{""name"":""Azul"",""sizes"":{""S"":18,""M"":9,""L"":6,""XL"":14}}]","hotsale26,lanzamiento,navidad25,oportunidades25,playa,sweater,sweaterdiscontinuo,verano26",0,24,28,16,35,0,active
Buzo Alaia,Sail,Buzos y Sweaters,65100,32550,https://cdn.shopify.com/s/files/1/0626/3681/8625/files/36300304BUZOALAIACONJUNTOGRISCLARO10.jpg?v=1749047025,"Buzo crop con cuello redondo y manga larga con capucha. Composición: poliéster - rayón. También podés encontrar el Pantalón Alaia que hace hace el conjunto. Referencia de talles : La modelo que usa color gris mide 1,68m y está usando talle S. La modelo que usa color verde menta mide 1,74m y está usando talle S.",poliéster - rayón.,"[{""name"":""Gris Claro"",""sizes"":{""S"":7,""M"":3,""L"":14}},{""name"":""Verde Menta"",""sizes"":{""S"":20,""M"":11,""L"":7}}]","Active,buzo,buzosweater,delfi,oportunidades,oportunidades25,sweaterdiscontinuo,verano25",0,27,14,21,0,0,active
Sweater Abril,Sail,Buzos y Sweaters,60480,30240,https://cdn.shopify.com/s/files/1/0626/3681/8625/files/37320170_SWEATER_ABRIL_VERDE_03.jpg?v=1749569693,"Sweater tejido de calce relajado con escote redondo y diseño minimalista. Confeccionado en tejido suave y liviano, ideal para usar todo el año. Presenta tajos laterales en el ruedo que aportan movimiento y comodidad, junto con terminaciones en rulo que le dan un detalle moderno y descontracturado. Su silueta versátil lo convierte en un básico fácil de combinar con jeans, pantalones sastreros o prendas de denim para un look casual y femenino. Detalles Escote redondo Tajos laterales Terminaciones en rulo Calce relajado Tejido suave y liviano Composición Viscosa - Nylon - Poliéster Cuidados de la prenda Lavar a mano con agua fría No usar lavandina Secar en plano para conservar la forma No retorcer Plancha suave del revés No usar secadora Referencias de talle: La modelo del color azul y verde mide 1,74 m y usa talle S. La modelo del color amarillo mide 1,72 m y usa talle S.",Viscosa - Nylon - Poliéster,"[{""name"":""Verde"",""sizes"":{""S"":3,""M"":11,""L"":21}},{""name"":""Amarillo"",""sizes"":{""S"":4,""M"":3,""L"":12}},{""name"":""Francia"",""sizes"":{""S"":14,""M"":5,""L"":20}}]","buzosweater,delfi,hotsale26,oportunidades25,sweater,sweaterdiscontinuo,winter25",0,21,19,53,0,0,active
Sweater Yoko,Sail,Buzos y Sweaters,45360,22680,https://cdn.shopify.com/s/files/1/0626/3681/8625/files/383103_SWEATER_YOKO_NEGRO_01_c5d8530e-aa1c-4dd3-a1e4-d838df5342c0.png?v=1760451560,"Sweater de lanilla soft de calce relajado, ideal para sumar comodidad y suavidad a los looks de todos los días. Confeccionado en tejido liviano y confortable, presenta escote redondo y una silueta versátil que se adapta fácilmente a distintos estilos. Cuenta con recortes en frente y espalda que aportan un detalle moderno y diferencial, además de tajos laterales y puños anchos que brindan mayor movimiento y un acabado descontracturado. Perfecto para combinar con jeans, pantalones sastreros o prendas comfy en outfits casuales y urbanos. Detalles Escote redondo Recortes en frente y espalda Tajos laterales Puños anchos Calce relajado Lanilla soft suave y confortable Composición 60% Viscosa - 35% Poliéster - 5% Spandex Cuidados Lavar a mano con agua fría No usar lavandina Secar en plano No retorcer No usar secadora Plancha suave del revés si es necesario Referencia de talle: La modelo mide 1,72m y está usando talle S.",60% Viscosa - 35% Poliéster - 5% Spandex,"[{""name"":""Negro"",""sizes"":{""S"":3,""M"":9,""L"":15}},{""name"":""Camel"",""sizes"":{""S"":21,""M"":6,""L"":5}},{""name"":""Menta"",""sizes"":{""S"":16,""M"":7,""L"":6}}]","hotsale26,lanzamiento,navidad25,oportunidades25,sweater,sweaterdiscontinuo,verano26",0,40,22,26,0,0,active
Buzo Melina,Sail,Buzos y Sweaters,69300,34650,https://cdn.shopify.com/s/files/1/0626/3681/8625/files/36300705_BUZO_MELINA_CONJUNTO_GRIS_MEDIO_09.jpg?v=1749046989,"Buzo de rustico con manga larga y escote redondo con bolsillo canguro. Composición: viscosa - elastano. También podés encontrar el Pantalón Melina que hace hace el conjunto. Referencia de talle: La modelo mide 1,65m y está usando talle S.",viscosa - elastano.,"[{""name"":""Gris Medio"",""sizes"":{""S"":12,""M"":9,""L"":6}}]","buzo,buzodiscontinuo,buzosweater,oportunidades,oportunidades25,pantdiscontinuo,sweaterdiscontinuo,verano25",0,12,9,6,0,0,active
Sweater Tejido Dana,Sail,Buzos y Sweaters,127040,63520,https://cdn.shopify.com/s/files/1/0626/3681/8625/files/37321301SWEATERTEJIDODANANEGRO12.jpg?v=1748986732,"Sweater tejido confeccionado en viscosa, ideal para sumar un look cómodo y moderno a los outfits de todos los días. Su diseño de calce regular con mangas caídas aporta una silueta relajada, mientras que el escote redondo y las rayas en dos tonos le dan un estilo clásico y actual. Presenta puños tejidos, largo irregular y tajos laterales que brindan mayor movimiento y una caída más cómoda. Una prenda versátil para combinar con jeans, pantalones sastreros o prendas de punto en looks casuales y urbanos. Detalles Sweater tejido en viscosa Escote redondo Calce regular Mangas caídas Puños tejidos Diseño rayado en dos colores Largo irregular Tajos laterales Tejido suave y confortable Composición 50% viscosa - 30% poliamida - 10% PBT - 10% lana Cuidados Lavar a mano con agua fría No usar lavandina Secar en plano No retorcer No usar secadora Plancha suave del revés si es necesario Referencia de talle La modelo mide 1,74 m y usa talle S.",50% viscosa - 30% poliamida - 10% PBT - 10% lana,"[{""name"":""Camel"",""sizes"":{""S"":16,""M"":5,""L"":16}}]","buzodiscontinuo,buzosweater,delfi,hotsale26,oportunidades,oportunidades25,sweater,sweaterdiscontinuo,winter25",0,16,5,16,0,0,active
Sweater Tejido Delfina,Sail,Buzos y Sweaters,165100,82550,https://cdn.shopify.com/s/files/1/0626/3681/8625/files/37320704_SWEATER_TEJIDO_DELFINA_GRIS_CLARO_13_3e36789b-521d-41d2-85c5-7ce7e3a10768.jpg?v=1749654848,"Sweater tejido con mangas caídas en punto morley y escote redondo. Tiene trenzas centrales al frente, puño ancho en terminación de ruedo y tajos laterales. Composición: 100% Acrílico Referencia de talle: La modelo de los colores gris y azul mide 1,74 m y usa talle S. Podés encontrar la table de talles específica de este sweater en la última foto del carrousel.",100% Acrílico,"[{""name"":""Gris Claro"",""sizes"":{""S"":5,""M"":3,""L"":10}}]","buzosweater,essential,sweater,sweaterdiscontinuo,winter25",0,5,3,10,0,0,active
Sweater Tejido Regina,Sail,Buzos y Sweaters,124300,62150,https://cdn.shopify.com/s/files/1/0626/3681/8625/files/37322630_SWEATER_TEJIDO_REGINA_NARANJA_07.jpg?v=1749658154,"Sweater tejido moulinado, calce regular, con mangas ranglan menguadas terminadas en puños anchos. Con escote redondo y apliques delantero. Composición: 100% Acrílico Referencia de talles: La modelo del color verde seco mide 1,74 m y usa talle S. La modelo del color naranja mide 1, 72 m y usa talle S.",100% Acrílico,"[{""name"":""Naranja"",""sizes"":{""S"":15,""M"":3,""L"":6}}]","buzosweater,sweater,sweaterdiscontinuo,winter25",0,15,3,6,0,0,active
Sweater Marga,Sail,Buzos y Sweaters,75600,37800,https://cdn.shopify.com/s/files/1/0626/3681/8625/files/37310502_SWEATER_MARGA_GRIS_10_ddc6ea10-ac01-447d-ab13-223a7662c3bb.jpg?v=1749581159,"Sweater símil waffle manga ranglan y escote redondo. Posee costuras al corte e imagen de marca bordada en el delantero. Composición: Algodón - Poliéster Referencia de talle: La modelo mide 1,73 m y usa talle S.",Algodón - Poliéster,"[{""name"":""Gris"",""sizes"":{""S"":17,""M"":16,""L"":4}}]","buzosweater,delfi,essential,sweater,sweaterdiscontinuo,winter25",0,17,16,4,0,0,active
Sweater Luna,Sail,Buzos y Sweaters,75600,37800,https://cdn.shopify.com/s/files/1/0626/3681/8625/files/37310815_SWEATER_LUNA_ARENA_01.jpg?v=1749580338,"Sweater de lanilla con manga larga caída y escote en v. Posee recortes en delantero, manga y canesú con terminaciones al corte. Composición: Viscosa - Poliéster Referencia de talle: La modelo del color arena mide 1,74 m y usa talle S Podés encontrar la tabla de talles específica de este sweater en la última foto del carrousel.",Viscosa - Poliéster,"[{""name"":""Arena"",""sizes"":{""S"":3,""M"":8,""L"":5}},{""name"":""Verde Seco"",""sizes"":{""S"":6,""M"":16,""L"":6}}]","buzosweater,delfi,essential,sweater,sweaterdiscontinuo,winter25",0,9,24,11,0,0,active
Sweater Agustina,Sail,Buzos y Sweaters,37800,18900,https://cdn.shopify.com/s/files/1/0626/3681/8625/files/36310113_SWEATER_AGUSTINA_OFF_WHITE_01_d3caf844-b090-4d97-9b74-44f8f386ff89.jpg?v=1749569902,"Sweater de lurex crop manga larga con escote redondo. Composición: Rayón - Poliéster - Poliamida. La modelo con la variante off white mide 1,79m y está usando un talle S. La modelo con la variante gris medio mide 1,74m y está usando un talle S.",Rayón - Poliéster - Poliamida.,"[{""name"":""Off White"",""sizes"":{""XS"":18,""S"":4,""M"":17,""L"":19}},{""name"":""Gris Medio"",""sizes"":{""XS"":10,""S"":20,""M"":15,""L"":16}}]","buzodiscontinuo,buzosweater,delfi,oportunidades,oportunidades25,sweater,sweaterdiscontinuo,verano25",28,24,32,35,0,0,active
Buzo Ankara,Sail,Buzos y Sweaters,67200,33600,https://cdn.shopify.com/s/files/1/0626/3681/8625/files/36301414BUZOANKARABEIGE06.jpg?v=1742309762,"Buzo de rustico manga larga con capucha y bolsillo. Tiene bordado en delantero. Composición: algodón - poliéster. Referencia color beige: La modelo mide 1,75m y está usando talle S.",algodón - poliéster.,"[{""name"":""Beige"",""sizes"":{""S"":20,""M"":5,""L"":11}},{""name"":""Blanco"",""sizes"":{""S"":3,""M"":11,""L"":5}}]","buzo,buzodiscontinuo,buzosweater,delfi,oportunidades,oportunidades25,playa,sweaterdiscontinuo,verano25",0,23,16,16,0,0,active
Sweater Tejido Diana,Sail,Buzos y Sweaters,111300,55650,https://cdn.shopify.com/s/files/1/0626/3681/8625/files/38320496_SWEATER_TEJIDO_DIANA_RAYAS_01_ce683b70-156a-47d2-b5b7-1b1cc9150dac.jpg?v=1764773029,"Sweater de algodón, con rayas finas a contra tono, con manga caída, escote en v, con puños en terminación de mangas y cuerpo. Composición: 100% Algodón Referencia de talle: La modelo mide 1,72m y está usando talle S.",100% Algodón,"[{""name"":""Rayas"",""sizes"":{""S"":12,""M"":15,""L"":13}}]","oportunidades25,sweater,sweaterdiscontinuo,verano26",0,12,15,13,0,0,active
Buzo Marta,Sail,Buzos y Sweaters,69300,34650,https://cdn.shopify.com/s/files/1/0626/3681/8625/files/36300915BUZOMARTAARENA11.jpg?v=1749046834,"Buzo deportivo ancho de manga larga y capucha con media cartera. Tiene cierre en acceso delantero y bolsillo tipo anorak. Composición: rayón - elastano. Referencia Arena : La modelo mide 1,65m y está usando talle S. Referencia Off White : La modelo mide 1,72m y está usando talle S.",rayón - elastano.,"[{""name"":""Arena"",""sizes"":{""S"":8,""M"":21,""L"":10}},{""name"":""Off White"",""sizes"":{""S"":19,""M"":4,""L"":15}}]","Active,buzo,buzodiscontinuo,buzosweater,delfi,oportunidades,oportunidades25,sweaterdiscontinuo,verano25",0,27,25,25,0,0,active
Buzo Leila,Sail,Buzos y Sweaters,83200,41600,https://cdn.shopify.com/s/files/1/0626/3681/8625/files/37300204_BUZO_LEILA_GRIS_CLARO_09.jpg?v=1749046807,"Buzo de Rustico manga larga con escote redondo y capucha. Posee estampa de flores en el delantero. Este producto está confeccionado con fibras de poliéster reciclado, contribuyendo a la reutilización de materiales y reduciendo el impacto ambiental. Inspirado en la filosofía Zero Waste, busca minimizar el desperdicio y fomentar un consumo más responsable. Composición: 100% Poliéster. Referencia: La modelo del color negro mide 1,74 m y usa talle S.",100% Poliéster.,"[{""name"":""Gris Claro"",""sizes"":{""S"":22,""M"":15,""L"":6,""XL"":20}}]","buzo,buzodiscontinuo,buzosweater,delfi,oportunidades,oportunidades25,playa,sweaterdiscontinuo,winter25",0,22,15,6,20,0,active
Buzo Mabel,Sail,Buzos y Sweaters,94800,47400,https://cdn.shopify.com/s/files/1/0626/3681/8625/files/37300901BUZOMABELNEGRO07.jpg?v=1749046222,"Buzo de rústico estampado de manga larga, ideal para sumar comodidad y un toque de diseño a los looks de todos los días. Su estampa integral le da personalidad a la prenda, mientras que el tejido suave y confortable lo convierte en una opción práctica para usar en outfits casuales y relajados. Cuenta con capucha integrada y bolsillo canguro en el delantero, aportando funcionalidad y abrigo. Su calce cómodo lo hace perfecto para combinar con leggings, joggers o jeans en propuestas urbanas y versátiles. Detalles Buzo de rústico estampado Manga larga Capucha integrada Bolsillo canguro delantero Calce cómodo y relajado Tejido suave y confortable Diseño versátil para uso diario Composición Algodón - Poliéster Cuidados Lavar a mano o en ciclo delicado con agua fría Lavar del revés para proteger la estampa No usar lavandina No usar secadora Secar a la sombra Plancha suave del revés, evitando la estampa Referencia de talle La modelo mide 1,72 m y usa talle S.",Algodón - Poliéster,"[{""name"":""Negro"",""sizes"":{""S"":3,""M"":13,""L"":21,""XL"":21}}]","buzo,delfi,hotsale26,sweaterdiscontinuo,winter25",0,3,13,21,21,0,active
Cárdigan Tejido Bianca,Sail,Buzos y Sweaters,69090,34545,https://cdn.shopify.com/s/files/1/0626/3681/8625/files/383202_CARDIGAN_BIANCA_NEGRO_04_e0e531bb-1c40-4afb-a1ec-88e23b4cedea.png?v=1763490050,"Cárdigan tejido confeccionado en viscosa de tacto suave y liviano, ideal para completar looks cómodos y femeninos durante toda la temporada. Su diseño clásico con escote en V y cartera frontal con botones lo convierte en una prenda versátil y fácil de combinar. Presenta sisas menguadas que aportan una mejor caída y terminaciones en puños y ruedo que brindan un ajuste cómodo y prolijo. Perfecto para usar sobre remeras, camisas o tops en outfits casuales y urbanos. Detalles Cárdigan tejido Escote en V Cartera frontal con botones Sisas menguadas Puños tejidos Calce cómodo y femenino Tejido suave y liviano Composición 75% Viscosa - 25% Poliamida Cuidados Lavar a mano con agua fría No usar lavandina Secar en plano No retorcer No usar secadora Plancha suave del revés si es necesario Referencia de talle: La modelo mide 1,72m y está usando talle S.",75% Viscosa - 25% Poliamida,"[{""name"":""Negro"",""sizes"":{""S"":8,""M"":26,""L"":9}}]","hotsale26,lanzamiento,navidad25,oportunidades25,sacocardigan,sweaterdiscontinuo,verano26",0,8,26,9,0,0,active
Sweater Tejido Ailen,Sail,Buzos y Sweaters,81900,40950,https://cdn.shopify.com/s/files/1/0626/3681/8625/files/37323852_SWEATER_TEJIDO_AILEN_AERO_11.jpg?v=1749653045,"Sweater tejido tipo buzo de calce relajado, ideal para sumar abrigo y comodidad a los looks de todos los días. Diseñado con mangas caídas y capucha, combina una estética casual con un tejido suave y confortable. Presenta terminaciones acanaladas en puños y ruedo, además de aberturas laterales que aportan movimiento y un mejor calce. Su silueta amplia y versátil lo convierte en una prenda perfecta para combinar con jeans, pantalones tejidos o leggings en outfits urbanos y relajados. Detalles Capucha integrada Mangas caídas Calce regular relajado Terminaciones acanaladas Aberturas laterales Tejido suave y confortable Composición 85% acrílico - 15% poliamida Cuidados Lavar a mano con agua fría No usar lavandina Secar en plano No retorcer No usar secadora Plancha suave del revés si es necesario Referencias de talles: La modelo del color rojo mide 1,72 m y usa talle S. La modelo del color aero mide 1,74 m y usa talle S.",85% acrílico - 15% poliamida,"[{""name"":""Aero"",""sizes"":{""S"":10,""M"":10,""L"":13}},{""name"":""Pistacho"",""sizes"":{""S"":4,""M"":8,""L"":15}},{""name"":""Rojo"",""sizes"":{""S"":7,""M"":4,""L"":7}}]","buzosweater,delfi,hotsale26,sweater,sweaterdiscontinuo,winter25",0,21,22,35,0,0,active
Cárdigan Tejido Dafne,Sail,Buzos y Sweaters,152100,76050,https://cdn.shopify.com/s/files/1/0626/3681/8625/files/SAIL_11.3_0153_1.jpg?v=1746881460,"Cárdigan tejido largo, de calce amplio, con menguado en mangas, escote en v, bolsillos al frente, con puños en terminación de mangas y ruedo. Composición: 85% viscosa - 15% poliamida Referencia de talles: La modelo mide 1.74m y usa talle S.",85% viscosa - 15% poliamida,"[{""name"":""Verde Menta"",""sizes"":{""S"":3,""M"":3,""L"":5}},{""name"":""Camel"",""sizes"":{""S"":5,""M"":6,""L"":4}}]","buzosweater,delfi,sweater,sweaterdiscontinuo,winter25",0,8,9,9,0,0,active
Sweater Sandra,Sail,Buzos y Sweaters,100590,50295,https://cdn.shopify.com/s/files/1/0626/3681/8625/files/Sweater_Sandra_0c2836ba-81cd-449c-ba2b-87a1dc6c0158.jpg?v=1764157300,"Sweater tejido con escote en V cruzado en el delantero, ideal para sumar un toque femenino y sofisticado a los looks de todos los días. Su diseño envolvente realza la silueta, mientras que el tejido suave y confortable brinda comodidad durante todo el uso. Presenta mangas largas y un elástico ancho en la terminación del ruedo que permite un mejor ajuste en la cintura, aportando definición y una caída favorecedora. Es una prenda versátil para combinar con jeans, pantalones sastreros o faldas en outfits casuales y urbanos. Detalles Sweater tejido Escote en V cruzado en delantero Manga larga Elástico ancho en ruedo Ajuste cómodo en cintura Calce femenino y favorecedor Tejido suave y confortable Composición Viscosa - Nylon - Poliéster Cuidados Lavar a mano con agua fría No usar lavandina Secar en plano No retorcer No usar secadora Plancha suave del revés si es necesario Referencias La modelo del color off white mide 1,72 m y usa talle S. La modelo del color arena mide 1,73 m y usa talle S. La modelo del color negro mide 1,74 m y usa talle S. Guía de talles Este sweater cuenta con guía de talles específica, disponible en la última foto del carrusel.",Viscosa - Nylon - Poliéster,"[{""name"":""Off White"",""sizes"":{""S"":11,""M"":7,""L"":5}},{""name"":""Negro"",""sizes"":{""S"":3,""M"":4,""L"":11}},{""name"":""Arena"",""sizes"":{""S"":9,""M"":8,""L"":10}}]","buzodiscontinuo,buzosweater,delfi,essential,hotsale26,oportunidades,oportunidades25,sweater,sweaterdiscontinuo,winter25",0,23,19,26,0,0,active
Polerón Tejido Joaquina,Sail,Buzos y Sweaters,158800,79400,https://cdn.shopify.com/s/files/1/0626/3681/8625/files/37321914_POLERON_TEJIDO_JOAQUINA_BEIGE_08.jpg?v=1749568566,"Polerón tejido, de calce amplio, mangas caídas y cuello volcado. Presenta detalle de trenzas centrales y tajos en sus laterales. Composición: 45% bamboo - 52% poliéster - 3% elastano Referencias de talle: La modelo mide 1,72 y usa talle S.",45% bamboo - 52% poliéster - 3% elastano,"[{""name"":""Beige"",""sizes"":{""S"":7,""M"":7,""L"":3}},{""name"":""Camel"",""sizes"":{""S"":4,""M"":5,""L"":7}}]","buzosweater,sweater,sweaterdiscontinuo,winter25",0,11,12,10,0,0,active
Sweater Tejido Candela,Sail,Buzos y Sweaters,150000,75000,https://cdn.shopify.com/s/files/1/0626/3681/8625/files/37324916SWEATERTEJIDOCANDELACAMEL08.jpg?v=1748986082,"Sweater tejido en viscosa, de calce amplio, mangas caídas, terminadas en puños anchos, de escote redondo y puño ancho en ruedo de terminación. Composición: 30% viscosa - 25% poliamida - 25% algodón - 20% lana Referencia de talles: La modelo mide 1.74 m y usa talle S.",30% viscosa - 25% poliamida - 25% algodón - 20% lana,"[{""name"":""Camel"",""sizes"":{""S"":3,""M"":3,""L"":6}},{""name"":""Ladrillo"",""sizes"":{""S"":3,""M"":3,""L"":5}},{""name"":""Azul"",""sizes"":{""S"":6,""M"":7,""L"":4}}]","buzodiscontinuo,buzosweater,delfi,oportunidades,oportunidades25,sweater,sweaterdiscontinuo,winter25",0,12,13,15,0,0,active
Buzo Jorgelina,Sail,Buzos y Sweaters,57480,28740,https://cdn.shopify.com/s/files/1/0626/3681/8625/files/37300837BUZOJORGELINAVISON06.jpg?v=1750201569,"Buzo de rústico manga larga con calce relajado y diseño casual, ideal para sumar comodidad y estilo a los looks de todos los días. Presenta escote redondo con terminaciones en rib y recortes en el delantero que aportan un detalle diferencial y moderno. Su arte estampado combinado con bordado en el frente le da personalidad a la prenda, mientras que el tejido suave y confortable lo convierte en una opción perfecta para la temporada. Detalles Escote redondo Manga larga Recortes en delantero Puños y escote en rib Estampa frontal combinada con bordado Calce cómodo y relajado Tejido rústico suave Composición Algodón - Poliéster Cuidados Lavar a máquina con agua fría Lavar del revés para proteger la estampa y el bordado No usar lavandina No usar secadora Plancha suave evitando el área estampada Secar a la sombra Referencia de talles: La modelo del color visón mide 1.72 m y usa talle S La modelo del color lila mide 1.74 m y usa talle S.",Algodón - Poliéster,"[{""name"":""Visón"",""sizes"":{""S"":6,""M"":19,""L"":13}},{""name"":""Lila"",""sizes"":{""S"":16,""M"":9,""L"":11}}]","buzo,buzodiscontinuo,delfi,hotsale26,oportunidades,oportunidades25,playa,sweaterdiscontinuo,winter25",0,22,28,24,0,0,active
Sweater Tejido Fiama,Sail,Buzos y Sweaters,132900,66450,https://cdn.shopify.com/s/files/1/0626/3681/8625/files/37325205_SWEATER_TEJIDO_FIAMA_GRIS_MEDIO_07.jpg?v=1749656230,"Cárdigan tejido en viscosa, de calce slim, con mangas comunes, escote redondo, puños en terminación de mangas y ruedo. Composición: 45% viscosa - 35% poliamida - 20% pbt Referencia de talles: La modelo del color negro mide 1,72 m y usa talle S. La modelo del color gris medio mide 1,74 m y usa talle S.",45% viscosa - 35% poliamida - 20% pbt,"[{""name"":""Gris Medio"",""sizes"":{""S"":12,""M"":16,""L"":13}}]","buzosweater,delfi,sweater,sweaterdiscontinuo,winter25",0,12,16,13,0,0,active
Buzo Jacinta,Sail,Buzos y Sweaters,81200,40600,https://cdn.shopify.com/s/files/1/0626/3681/8625/files/37630101_BUZO_JACINTA_NEGRO_08.jpg?v=1749046559,"Buzo confeccionado en rústico bondeado con jersey, ideal para sumar abrigo, comodidad y un estilo urbano a los looks de todos los días. Su calce relajado y su diseño con capucha lo convierten en una prenda versátil, perfecta para combinar con pantalones amplios, joggers o denim. Presenta bolsillo canguro y recorte en delantero que aportan estructura y un detalle diferencial al diseño. La estampa ubicada en delantero y espalda suma identidad y un toque moderno, mientras que su tejido suave y con cuerpo brinda mayor confort. Detalles Buzo de rústico bondeado con jersey Capucha con tiras de ajuste Bolsillo canguro Recorte en delantero Estampa en delantero y espalda Calce cómodo y relajado Tejido suave, abrigado y con cuerpo Composición 82% Poliéster - 13% Rayón - 5% Elastano Cuidados Lavar a mano o en ciclo delicado con agua fría Lavar del revés para proteger la estampa No usar lavandina No usar secadora Secar a la sombra Plancha suave del revés, evitando la estampa Referencias de talle La modelo del color negro mide 1,72 m y usa talle S. La modelo del color durazno mide 1,74 m y usa talle S.",82% Poliéster - 13% Rayón - 5% Elastano,"[{""name"":""Negro"",""sizes"":{""S"":10,""M"":3,""L"":4,""XL"":7}},{""name"":""Durazno"",""sizes"":{""S"":6,""M"":10,""L"":13,""XL"":9}}]","buzo,buzosweater,delfi,hotsale26,playa,sweaterdiscontinuo,winter25",0,16,13,17,16,0,active
Sweater Samanta,Sail,Buzos y Sweaters,75600,37800,https://cdn.shopify.com/s/files/1/0626/3681/8625/files/37310901_SWEATER_SAMANTA_NEGRO_01_11868f12-aedb-4566-98ad-fe1771d93597.jpg?v=1749651929,"Sweater de lanilla con manga larga, cuello redondo y capucha. Tiene bolsillo canguro en delantero. Composición: Viscosa - Poliéster Referencia de talle: La modelo del color negro mide 1,74m y usa talle S. Podés encontrar la tabla de talles específica de este sweater en la última foto del carrousel.",Viscosa - Poliéster,"[{""name"":""Negro"",""sizes"":{""S"":5,""M"":4,""L"":15}}]","buzosweater,delfi,essential,playa,sweater,sweaterdiscontinuo,winter25",0,5,4,15,0,0,active
Sweater Tejido Lina,Sail,Buzos y Sweaters,95760,47880,https://cdn.shopify.com/s/files/1/0626/3681/8625/files/37322116_SWEATER_TEJIDO_LINA_CAMEL_08.jpg?v=1750643919,"Sweater tejido de calce regular, ideal para sumar abrigo y estilo a los looks de todos los días. Su diseño con escote redondo y mangas caídas aporta una silueta relajada y cómoda, mientras que el rayado en dos tonos le da un detalle clásico y moderno. Presenta puños tejidos y una textura suave al tacto que brinda confort durante todo el día. Es una prenda versátil, perfecta para combinar con jeans, pantalones sastreros o prendas de denim en outfits casuales y urbanos. Detalles Sweater tejido rayado Calce regular Escote redondo Mangas caídas Puños tejidos Diseño en dos colores Tejido suave y confortable Composición 45% bamboo - 52% poliéster - 3% elastano Cuidados Lavar a mano con agua fría No usar lavandina Secar en plano No retorcer No usar secadora Plancha suave del revés si es necesario Referencia de talle La modelo mide 1,72 m y usa talle S.",45% bamboo - 52% poliéster - 3% elastano,"[{""name"":""Camel"",""sizes"":{""S"":16,""M"":9,""L"":18}}]","buzodiscontinuo,buzosweater,hotsale26,oportunidades,oportunidades25,sweater,sweaterdiscontinuo,winter25",0,16,9,18,0,0,active
Sweater Tejido Camelia,Sail,Buzos y Sweaters,111400,55700,https://cdn.shopify.com/s/files/1/0626/3681/8625/files/37321223_SWEATER_TEJIDO_CAMELIA_MOSTAZA_10.jpg?v=1750791187,"Sweater tejido en viscosa, de calce regular, con mangas caídas terminadas en puños y escote redondo. Presenta largo irregular y tajos laterales. Composición: 50% viscosa - 30% poliamida - 10% pbt - 10% lana Referencia de talle: La modelo mide 1,72 m y usa talle S.",50% viscosa - 30% poliamida - 10% pbt - 10% lana,"[{""name"":""Mostaza"",""sizes"":{""S"":5,""M"":10,""L"":6}},{""name"":""Rosa"",""sizes"":{""S"":8,""M"":10,""L"":4}}]","buzosweater,delfi,sweater,sweaterdiscontinuo,winter25",0,13,20,10,0,0,active
Polera Tejida Filipa,Sail,Buzos y Sweaters,130200,65100,https://cdn.shopify.com/s/files/1/0626/3681/8625/files/39320814POLERATEJIDAFILIPA02.jpg?v=1772565805,"Sweater polera tejido confeccionado en hilado suave y abrigado, ideal para los días más fríos de la temporada. Su diseño combina distintas tramas y dibujos tejidos en el delantero que aportan textura, detalle y un estilo clásico renovado. Cuenta con cuello polera amplio, mangas largas y terminaciones acanaladas en puños y ruedo que brindan un ajuste cómodo y confortable. Perfecto para combinar con jeans, pantalones sastreros o prendas de denim en looks urbanos y casuales. Detalles Sweater tejido Cuello polera amplio Diseño con tramas y dibujos tejidos en delantero Mangas largas Terminaciones acanaladas Tejido suave y abrigado Calce cómodo y relajado Composición 100% Acrílico Cuidados Lavar a mano con agua fría No usar lavandina Secar en plano No retorcer No usar secadora Plancha suave del revés si es necesario Referencia de talle La modelo mide 1,71 m y usa talle S.",100% Acrílico,"[{""name"":""Camel"",""sizes"":{""S"":4,""M"":11,""L"":9}},{""name"":""Beige"",""sizes"":{""S"":10,""M"":5,""L"":6}},{""name"":""Vison"",""sizes"":{""S"":7,""M"":7,""L"":6}}]","invierno26,sweater",0,21,23,21,0,0,active
Polera Tejida Fanny,Sail,Buzos y Sweaters,121800,60900,https://cdn.shopify.com/s/files/1/0626/3681/8625/files/393222_POLERA_TEJIDA_FANNY_NEGRO_06.jpg?v=1772563679,"Sweater polera tejido de diseño básico y atemporal, ideal para sumar abrigo y versatilidad a los looks de invierno. Confeccionado en hilado suave y confortable, presenta un calce cómodo que se adapta fácilmente a distintos estilos y ocasiones. Su cuello polera aporta mayor abrigo y un toque clásico, mientras que las terminaciones acanaladas en puños y ruedo brindan un mejor ajuste y una caída prolija. Perfecto para combinar con jeans, pantalones sastreros o prendas de denim en outfits casuales y urbanos. Detalles Sweater tejido básico Cuello polera Mangas largas Terminaciones acanaladas Calce cómodo Tejido suave y confortable Diseño clásico y versátil Composición Viscosa - Nylon - Poliéster Cuidados Lavar a mano con agua fría No usar lavandina Secar en plano No retorcer No usar secadora Plancha suave del revés si es necesario Referencia de talle La modelo mide 1.71m y usa talle S",Viscosa - Nylon - Poliéster,"[{""name"":""Negro"",""sizes"":{""S"":3,""M"":4,""L"":8,""XL"":3}},{""name"":""Natural"",""sizes"":{""S"":4,""M"":8,""L"":11,""XL"":4}}]","invierno26,sweater",0,7,12,19,7,0,active
Buzo Valentina,Sail,Buzos y Sweaters,61740,30870,https://cdn.shopify.com/s/files/1/0626/3681/8625/files/39300536BUZOVALENTINACHOCOLATE01.jpg?v=1773060891,"Buzo de friza liviana con capucha, ideal para sumar comodidad y un estilo relajado a los looks de todos los días. Su diseño de calce amplio y suave al tacto lo convierte en una prenda versátil para usar en outfits casuales, urbanos o comfy. Presenta bolsillos delanteros integrados que aportan funcionalidad y un recorte combinado en morley que suma un detalle distintivo al diseño. Es perfecto para combinar con leggings, jeans o joggers y lograr un look cómodo sin resignar estilo. Detalles Buzo de friza liviana Capucha Bolsillos delanteros Recorte combinado en morley Calce cómodo y relajado Tejido suave y confortable Ideal para uso diario Composición 65% algodón - 25% poliéster - 10% viscosa Cuidados Lavar a máquina con agua fría Lavar con colores similares No usar lavandina No usar secadora Secar a la sombra Plancha suave del revés si es necesario No retorcer Referencia de talle La modelo mide 1,61 m y usa talle S.",65% algodón - 25% poliéster - 10% viscosa,"[{""name"":""Chocolate"",""sizes"":{""S"":20,""M"":3,""L"":21,""XL"":25}}]","buzo,hotsale26,invierno26",0,20,3,21,25,0,active
Sweater Tejido Galia,Sail,Buzos y Sweaters,114660,57330,https://cdn.shopify.com/s/files/1/0626/3681/8625/files/37321643_SWEATER_TEJIDO_GALIA_ROSA_07.jpg?v=1750185618,"Sweater tejido en viscosa de calce recto, ideal para sumar abrigo y un toque femenino a los looks de temporada. Su diseño con mangas caídas aporta una silueta relajada y cómoda, mientras que el cuello alto con cierre frontal superior le da un detalle moderno y funcional. Presenta dibujo jacquard floral en varios tonos que realza la prenda y suma personalidad, junto con terminaciones en puños y ruedo tejidos que brindan mejor ajuste y una caída prolija. Perfecto para combinar con jeans, pantalones tejidos o prendas sastreras en outfits casuales y urbanos. Detalles Sweater tejido en viscosa Calce recto Cuello alto Cierre frontal superior Mangas caídas Dibujo jacquard floral Puños y ruedo tejidos Tejido suave y confortable Composición 50% viscosa - 30% poliamida - 10% PBT - 10% lana Cuidados Lavar a mano con agua fría No usar lavandina Secar en plano No retorcer No usar secadora Plancha suave del revés si es necesario Referencia de talle La modelo mide 1,72 m y usa talle S.",50% viscosa - 30% poliamida - 10% PBT - 10% lana,"[{""name"":""Rosa"",""sizes"":{""S"":7,""M"":16,""L"":12}}]","hotsale26,sweater,sweaterdiscontinuo,winter25",0,7,16,12,0,0,active
Sweater Miranda,Sail,Buzos y Sweaters,101850,50925,https://cdn.shopify.com/s/files/1/0626/3681/8625/files/39321214_SWEATER_TEJIDO_MIRANDA_BEIGE_05.jpg?v=1778093296,"Sweater tejido de escote en V, ideal para sumar comodidad y un estilo relajado a los looks de todos los días. Su diseño con unión central en el delantero aporta un detalle sutil y moderno, mientras que el calce amplio lo convierte en una prenda versátil y fácil de combinar. Presenta mangas largas, terminaciones tejidas y tajos laterales que brindan mayor movimiento y una caída más cómoda. Perfecto para usar con jeans, pantalones sastreros o leggings en outfits casuales y urbanos. Detalles Sweater tejido Escote en V Unión central en delantero Mangas largas Tajos laterales Calce cómodo y relajado Diseño versátil y moderno Composición 100% Acrílico Cuidados Lavar a mano con agua fría No usar lavandina Secar en plano No retorcer No usar secadora Plancha suave del revés si es necesario Referencia de talles La modelo del color beige mide 1,71 m y usa talle M. La modelo de los colores negro, grafito y aero mide 1,74 m y usa talle M.",100% Acrílico,"[{""name"":""Beige"",""sizes"":{""S"":6,""M"":5,""L"":3,""XL"":5}},{""name"":""Negro"",""sizes"":{""S"":6,""M"":4,""L"":3,""XL"":3}},{""name"":""Grafito"",""sizes"":{""S"":6,""M"":4,""L"":7,""XL"":5}},{""name"":""Aero"",""sizes"":{""S"":5,""M"":6,""L"":7,""XL"":7}}]","hotsale26,invierno26,sweater",0,23,19,20,20,0,active